城市,环比,同比,1-6月平均,城市,环比,同比,1-6月平均
城市,环比,同比,1-6月平均,城市,环比,同比,1-6月平均
上月=100,上年同月=100,上年同期=100,上月=100,上年同月=100,上年同期=100,,
北　　京,99.7,95.9,94.9,唐　　山,99.3,92.9,92.6
天　　津,99.8,98.2,97.9,秦 皇 岛,99.4,94.2,93.3
石 家 庄,99.8,96.9,96.4,包　　头,99.5,94.1,93.6
太　　原,100.1,101.3,101.1,丹　　东,100.1,95.5,94.3
呼和浩特,99.9,94.6,94.1,锦　　州,99.8,96.0,95.5
沈　　阳,100.1,99.0,97.5,吉　　林,99.6,95.3,94.7
大　　连,99.8,96.8,95.4,牡 丹 江,99.8,94.8,93.5
长　　春,99.7,95.9,95.9,无　　锡,99.7,95.9,96.0
哈 尔 滨,99.9,96.0,94.8,徐　　州,99.2,95.1,94.4
上　　海,100.4,106.0,105.8,扬　　州,99.7,94.3,94.0
南　　京,99.0,99.4,97.7,温　　州,99.4,92.7,91.3
杭　　州,100.2,102.1,100.0,金　　华,99.8,93.6,91.7
宁　　波,100.3,99.1,95.4,蚌　　埠,99.8,94.7,94.1
合　　肥,100.1,97.4,95.7,安　　庆,99.7,95.0,94.5
福　　州,99.6,94.7,93.5,泉　　州,99.5,94.8,93.1
厦　　门,99.5,97.5,94.5,九　　江,100.1,96.7,94.0
南　　昌,99.2,94.9,95.1,赣　　州,99.7,96.8,95.5
济　　南,99.9,95.8,94.8,烟　　台,99.2,95.4,94.6
青　　岛,99.8,97.9,96.2,济　　宁,99.8,96.0,95.3
郑　　州,99.4,96.3,95.5,洛　　阳,99.9,95.1,94.4
武　　汉,99.9,96.8,94.7,平 顶 山,99.7,99.1,98.8
长　　沙,100.4,96.9,94.9,宜　　昌,100.1,97.8,96.5
广　　州,99.5,94.9,93.2,襄　　阳,99.5,95.3,94.6
深　　圳,99.4,97.5,96.4,岳　　阳,99.6,94.2,93.8
南　　宁,100.1,97.9,95.3,常　　德,99.6,94.6,93.4
海　　口,99.1,95.3,95.9,韶　　关,99.8,95.1,94.6
重　　庆,99.4,97.1,95.6,湛　　江,100.3,96.9,95.0
成　　都,99.7,99.7,98.0,惠　　州,99.9,96.0,94.7
贵　　阳,99.7,95.7,95.4,桂　　林,99.7,97.0,96.6
昆　　明,99.2,93.0,92.3,北　　海,99.6,93.5,93.8
西　　安,99.5,96.3,97.6,三　　亚,100.1,98.2,97.3
兰　　州,99.8,94.1,92.8,泸　　州,99.7,94.0,93.1
西　　宁,99.8,95.5,94.8,南　　充,99.4,97.3,97.1
银　　川,99.9,96.9,96.1,遵　　义,99.6,96.9,96.6
乌鲁木齐,100.2,99.4,97.8,大　　理,99.7,94.2,93.6
